<?xml version="1.0" encoding="UTF-8"?>
<project-private xmlns="http://www.netbeans.org/ns/project-private/1">
    <editor-bookmarks xmlns="http://www.netbeans.org/ns/editor-bookmarks/2" lastBookmarkId="0"/>
    <open-files xmlns="http://www.netbeans.org/ns/projectui-open-files/2">
        <group>
            <file>file:/C:/Users/57322/OneDrive/Documentos/NetBeansProjects/SystemNotas/src/systemnotas/Persona.java</file>
            <file>file:/C:/Users/57322/OneDrive/Documentos/NetBeansProjects/SystemNotas/src/systemnotas/Materia.java</file>
            <file>file:/C:/Users/57322/OneDrive/Documentos/NetBeansProjects/SystemNotas/src/systemnotas/Asistencia.java</file>
            <file>file:/C:/Users/57322/OneDrive/Documentos/NetBeansProjects/SystemNotas/src/systemnotas/Profesor.java</file>
            <file>file:/C:/Users/57322/OneDrive/Documentos/NetBeansProjects/SystemNotas/src/systemnotas/Estudiante.java</file>
            <file>file:/C:/Users/57322/OneDrive/Documentos/NetBeansProjects/SystemNotas/src/systemnotas/Main.java</file>
            <file>file:/C:/Users/57322/OneDrive/Documentos/NetBeansProjects/SystemNotas/src/systemnotas/Inscripcion.java</file>
            <file>file:/C:/Users/57322/OneDrive/Documentos/NetBeansProjects/SystemNotas/src/systemnotas/SistemaNotas.java</file>
            <file>file:/C:/Users/57322/OneDrive/Documentos/NetBeansProjects/SystemNotas/src/systemnotas/SystemNotasVisual/VentanaLogin.java</file>
            <file>file:/C:/Users/57322/OneDrive/Documentos/NetBeansProjects/SystemNotas/src/systemnotas/SystemNotasVisual/VentanaAdmin.java</file>
            <file>file:/C:/Users/57322/OneDrive/Documentos/NetBeansProjects/SystemNotas/src/systemnotas/SystemNotasVisual/VentanaProfesor.java</file>
            <file>file:/C:/Users/57322/OneDrive/Documentos/NetBeansProjects/SystemNotas/src/systemnotas/SystemNotasVisual/VentanaEstudiante.java</file>
            <file>file:/C:/Users/57322/OneDrive/Documentos/NetBeansProjects/SystemNotas/src/systemnotas/Administrador.java</file>
        </group>
    </open-files>
</project-private>
